{"cameraMode":{"drawMode":0,"name":"Shaded","section":"Shading Mode"},"sceneLighting":false,"audioPlay":false,"sceneViewState":{"m_AlwaysRefresh":false,"showFog":true,"showSkybox":false,"showFlares":true,"showImageEffects":true,"showParticleSystems":true,"showVisualEffectGraphs":true,"m_FxEnabled":true},"in2DMode":false,"pivot":{"x":14.207876205444336,"y":7.80150842666626,"z":-13.226300239562989},"rotation":{"x":-0.0035043542739003898,"y":-0.9930643439292908,"z":0.030693601816892625,"w":-0.11340509355068207},"size":0.833010196685791,"orthographic":true}