{"cameraMode":{"drawMode":0,"name":"Shaded","section":"Shading Mode"},"sceneLighting":false,"audioPlay":false,"sceneViewState":{"m_AlwaysRefresh":false,"showFog":true,"showSkybox":false,"showFlares":true,"showImageEffects":true,"showParticleSystems":true,"showVisualEffectGraphs":true,"m_FxEnabled":true},"in2DMode":false,"pivot":{"x":27.539199829101564,"y":-96.38137817382813,"z":-192.72369384765626},"rotation":{"x":-0.00017086083244066685,"y":0.9983714818954468,"z":-0.05696889013051987,"w":-0.0029952905606478454},"size":1.018131971359253,"orthographic":true}