{"cameraMode":{"drawMode":0,"name":"Shaded","section":"Shading Mode"},"sceneLighting":false,"audioPlay":false,"sceneViewState":{"m_AlwaysRefresh":false,"showFog":true,"showSkybox":false,"showFlares":true,"showImageEffects":true,"showParticleSystems":true,"showVisualEffectGraphs":true,"m_FxEnabled":true},"in2DMode":false,"pivot":{"x":0.17992234230041505,"y":1.9346730709075928,"z":-0.046294212341308597},"rotation":{"x":0.16349294781684876,"y":0.044378262013196948,"z":-0.007362137082964182,"w":0.9855186939239502},"size":4.935390949249268,"orthographic":false}