{"cameraMode":{"drawMode":0,"name":"Shaded","section":"Shading Mode"},"sceneLighting":false,"audioPlay":false,"sceneViewState":{"m_AlwaysRefresh":false,"showFog":true,"showSkybox":false,"showFlares":true,"showImageEffects":true,"showParticleSystems":true,"showVisualEffectGraphs":true,"m_FxEnabled":true},"in2DMode":false,"pivot":{"x":34.601776123046878,"y":9.120537757873536,"z":-51.35877227783203},"rotation":{"x":-0.00009448597847949713,"y":-0.9998926520347595,"z":0.007499346975237131,"w":-0.012600697576999665},"size":3.402766704559326,"orthographic":true}