{"cameraMode":{"drawMode":0,"name":"Shaded","section":"Shading Mode"},"sceneLighting":true,"audioPlay":false,"sceneViewState":{"m_AlwaysRefresh":false,"showFog":true,"showSkybox":false,"showFlares":true,"showImageEffects":true,"showParticleSystems":true,"showVisualEffectGraphs":true,"m_FxEnabled":true},"in2DMode":false,"pivot":{"x":0.043022677302360538,"y":0.2911944091320038,"z":-0.028762996196746827},"rotation":{"x":0.26685968041419985,"y":-0.1689150482416153,"z":0.04756851866841316,"w":0.9476263523101807},"size":0.49616163969039919,"orthographic":false}