{"cameraMode":{"drawMode":0,"name":"Shaded","section":"Shading Mode"},"sceneLighting":false,"audioPlay":false,"sceneViewState":{"m_AlwaysRefresh":false,"showFog":true,"showSkybox":false,"showFlares":true,"showImageEffects":true,"showParticleSystems":true,"showVisualEffectGraphs":true,"m_FxEnabled":true},"in2DMode":false,"pivot":{"x":0.02206878364086151,"y":0.013595975935459137,"z":-0.08009617030620575},"rotation":{"x":0.26685968041419985,"y":-0.1689150482416153,"z":0.04756851866841316,"w":0.9476263523101807},"size":0.2913112938404083,"orthographic":false}