{"cameraMode":{"drawMode":0,"name":"Shaded","section":"Shading Mode"},"sceneLighting":false,"audioPlay":false,"sceneViewState":{"m_AlwaysRefresh":false,"showFog":true,"showSkybox":false,"showFlares":true,"showImageEffects":true,"showParticleSystems":true,"showVisualEffectGraphs":true,"m_FxEnabled":true},"in2DMode":false,"pivot":{"x":-0.00028896331787109375,"y":0.15661954879760743,"z":-0.03155684471130371},"rotation":{"x":0.26685968041419985,"y":-0.1689150482416153,"z":0.04756851866841316,"w":0.9476263523101807},"size":3.970275640487671,"orthographic":false}