{"cameraMode":{"drawMode":0,"name":"Shaded","section":"Shading Mode"},"sceneLighting":false,"audioPlay":false,"sceneViewState":{"m_AlwaysRefresh":false,"showFog":true,"showSkybox":false,"showFlares":true,"showImageEffects":true,"showParticleSystems":true,"showVisualEffectGraphs":true,"m_FxEnabled":true},"in2DMode":false,"pivot":{"x":0.10536694526672363,"y":-0.12628495693206788,"z":-0.06465518474578858},"rotation":{"x":0.0006046838825568557,"y":-0.9992738366127014,"z":-0.017988862469792367,"w":-0.03359007090330124},"size":2.3591129779815676,"orthographic":true}